{
  "otherworlds": [
    {
      "id": "mansus",
      "egresses": {
        "wood": {
          "backgroundColor": [0.572549, 0.8666667, 0.7921569],
          "position": [968.5011596679688,-812.0],
          "locations": {
            "wood0": [964.5011596679688, -653.0],
            "wood1": {
              "position": [1475.501220703125,-243.0],
              "shrouded": true
            },
            "wood2": {
              "position": [1707.501220703125,-479.0],
              "shrouded": true
            }
          }
        },
        "whitedoor": {
          "backgroundColor": [0.9176471, 0.9098039, 0.8196079],
          "position": [-447.0, -510.0],
          "locations": {
            "whitedoor0":[-446.0, -655.0],
            "whitedoor1": {
              "position": [492.0, -777.0],
              "shrouded": true
            },
            "whitedoor2": {
              "position": [-1267.0, -842.0],
              "shrouded": true
            }
          }
        },
        "stagdoor": {
          "backgroundColor": [0.827451, 0.7098039, 0.8392157],
          "position": [-1358.0, -223.0],
          "locations": {
            "stagdoor0": [-1360.0, -367.0],
            "stagdoor1": {
              "position": [-685.0, -247.0],
              "shrouded": true
            },
            "stagdoor2": {
              "position": [-685.0, -505.0],
              "shrouded": true
            }
          }
        },
        "spiderdoor": {
          "backgroundColor": [0.4980392, 0.7764706, 0.9019608],
          "position": [528.140625, -88.33489990234375],
          "locations": {
            "spiderdoor0": [661.140625, -88.33489990234375],
            "spiderdoor1": {
              "position": [524.140625, 312.66510009765627],
              "shrouded": true
            },
            "spiderdoor2": {
              "position": [122.14059448242188, 312.66510009765627],
              "shrouded": true
            }
          }
        },
        "peacockdoor": {
          "backgroundColor": [0.7215686, 0.8666667, 1],
          "position": [-679.0, 283.73681640625],
          "locations": {
            "peacockdoor0": [-528.0, 306.73681640625],
            "peacockdoor1": {
              "position": [-343.0, 83.73681640625],
              "shrouded": true
            },
            "peacockdoor2": {
              "position": [-1012.0, 350.73681640625],
              "shrouded": true
            }
          }
        },
        "tricuspidgate": {
          "slotBackgroundColor": [0.8588235, 0.7254902, 0.972549],
          "position": [-351.0, 603.0]
        }
      }
    }
  ]
}
